Product Name,Listing Price,Discount,Rating
Women's adidas Originals NMD_Racer Primeknit Shoes,14999,50,4.8
Women's adidas Originals Sleek Shoes,7599,50,3.3
Women's adidas Swim Puka Slippers,999,40,2.6
Women's adidas Sport Inspired Questar Ride Shoes,6999,50,4.1
Women's adidas Originals Taekwondo Shoes,7999,50,3.5
Women's adidas Sport Inspired Duramo Lite 2.0 Shoes,4799,60,1.0
Women's adidas Sport Inspired Duramo Lite 2.0 Shoes,4799,50,4.4
Women's adidas Swim Puka Slippers,999,40,2.8
WOMEN'S ADIDAS RUNNING DURAMO 9 SHOES,5599,50,4.5
Men's adidas Originals Forest Grove Shoes,6599,40,4.0
Women's adidas Originals Swift Run Shoes,7599,40,2.7
Women's adidas Originals Continental Vulc Shoes,6599,40,4.2
Women's adidas Running Duramo 9 Shoes,5999,50,2.6
Women's adidas Originals Supercourt Shoes,7599,40,3.1
Men's adidas Sport Inspired Response Trail Shoes,7999,50,3.2
Women's adidas Running Cosmic 2 Shoes,5999,50,3.1
Women's adidas Sport Inspired Storm Runner Shoes,4599,50,1.0
Women's adidas Sport Inspired Quickspike Shoes,3999,50,3.1
WOMEN'S ADIDAS SWIM CLOUDFOAM FLIP FLOPS,3299,50,2.7
Women's adidas Sport Inspired Lite Racer Shoes,4299,50,3.8
Women's adidas Running Duramo 9 Shoes,5599,50,5.0
Women's adidas Sport Inspired Arcadeis Shoes,4299,50,3.7
Women's adidas Sport Inspired Videll Shoes,3799,40,3.9
Women's adidas Running EnergyFalcon X Shoes,6599,50,4.4
Women's adidas Sport Inspired Videll Shoes,3799,50,3.6
Women's adidas Running Hellion Z Shoes,3299,40,2.7
Women's adidas Sport Inspired Videll Shoes,3799,40,3.2
Women's adidas Sport Inspired Arcadeis Shoes,4299,50,4.9
Women's adidas Sport Inspired Cloudfoam Pure Shoes,5599,40,5.0
Women's adidas Running Hellion Z Shoes,3299,40,3.6
Women's adidas Sport Inspired Yking 2.0 Shoes,3299,40,2.2
Women's adidas Running Hellion Z Shoes,3299,40,3.9
Women's adidas Sport Inspired Yking 2.0 Shoes,3299,40,3.4
Women's adidas Sport Inspired RunFalcon Shoes,5599,40,3.3
Women's adidas Sport Inspired Quickspike Shoes,3999,40,4.8
Women's adidas Sport Inspired Blaze Runner Shoes,5599,40,3.6
Women's adidas Sport Inspired Lite Racer CLN Shoes,4599,40,4.1
Women's adidas Sport Inspired Blaze Runner Shoes,5599,40,3.6
Women's adidas Nova Run X Shoes,8599,40,2.5
Women's adidas Sport Inspired Questar Flow Shoes,6599,40,2.7
Women's adidas Sport Inspired Questar Flow Shoes,6599,40,2.5
Women's adidas Running EnergyFalcon X Shoes,6599,40,1.5
Women's adidas Running Asweego Shoes,7599,40,2.6
Women's adidas Running Sooraj Shoes,5599,40,5.0
Women's adidas Sport Inspired Questar Ride Shoes,6999,40,4.5
Men's adidas Sport Inspired Run 70s Shoes,5599,40,3.9
Women's adidas Running Asweerun Shoes,4999,40,3.2
Women's adidas Sport Inspired Archivo Shoes,4999,40,3.9
Women's Sport Inspired Yking 2.0 Shoes,3299,40,2.0
Women's adidas Sport Inspired Archivo Shoes,4999,40,1.0
Women's adidas Running Response Trail X Shoes,6999,40,3.3
Women's adidas Running EnergyFalcon X Shoes,6599,40,4.1
Women's adidas Originals Marathon Tech Shoes,11999,40,4.4
Women's adidas Originals U_Path Run Shoes,7999,40,4.8
Men's adidas Sport Inspired Drogo Shoes,2699,50,3.5
Women's adidas Originals Stan Smith Shoes,7999,40,4.0
Women's adidas Running Sooraj Shoes,5599,40,4.8
Women's adidas Originals U_Path Run Shoes,7999,40,4.5
Men's adidas Sport Inspired Run 70s Shoes,5599,40,4.7
Men's adidas Running Nayo 1.0 shoes,4999,60,3.8
Men's adidas Sports Inspired Lite Racer Shoes,4299,50,1.5
Men's adidas Running Nepton 2.0 Shoes,5999,50,0.0
Women's adidas Running Aseerun Shoes,4999,40,4.8
Men's adidas Running Torik Shoes,4799,50,4.4
Men's adidas Sport Inspired Kalus 1.0 Shoes,4599,50,3.0
Men's adidas Running Duramo 9 Shoes,5999,40,3.9
Women's adidas Originals Continental 80 Shoes,7999,40,4.0
MEN'S adidas RUNNING YAMO 1.0 SHOES,4799,50,4.3
men's ADIDAS RUNNING NEBULAR 1.0 SHOES,4599,50,4.3
MEN'S ADIDAS RUNNING LEGUS SHOES,5999,50,3.7
Men's adidas Originals Supercourt Shoes,7599,40,4.3
Men's adidas Toe Side II Slippers,1299,40,1.5
Men's adidas Outdoor Elevate Sandals,2799,50,2.8
men's ADIDAS RUNNING NEBULAR 1.0 SHOES,4599,50,5.0
Men's adidas Originals Superstar Shoes,7999,0,4.9
Men's adidas Originals Stan Smith Shoes,7999,50,4.0
Men's adidas Sport Inspired Duramo Lite 2.0 Shoes,4999,50,4.3
Men's adidas Swim Ozor III Slippers,1299,40,2.2
Men's adidas Swim Gadi Slippers,1499,50,3.7
MEN'S ADIDAS RUNNING LEGUS SHOES,5999,50,2.7
Men's adidas Originals CAMPUS Low Shoes,7999,50,2.0
MEN'S ADIDAS RUNNING HELKIN 3.0 SHOES,4599,50,4.0
MEN'S ADIDAS RUNNING LEGUS 1.0 SHOES,5599,50,2.5
Men's adidas Running Kollide Shoes,4799,50,5.0
Men's adidas Running Edge PR Shoes,7999,50,4.2
Men's adidas Originals FuturePacer Shoes,19999,50,3.5
MEN'S ADIDAS ORIGINALS MICROPACER X R1 SHOES,15999,50,0.0
Men's adidas Outdoor Andorian Shoes,4599,50,0.0
Men's adidas Sport Inspired Advantage Base Shoes,4999,50,3.5
Men's adidas Running Galaxy 4 Shoes,5299,50,2.4
MEN'S ADIDAS ESSENTIALS EEZAY FLIP-FLOPS,1999,50,0.0
men's ADIDAS ORIGINALS PW HU HOLI STAN SMITH SHOES,9999,50,3.1
MEN'S ADIDAS RUNNING ZETA 1.0 SHOES,5999,50,4.4
Men's adidas Running PureBounce+ Clima Shoes,8999,50,3.4
Men's adidas Running Duramo 9 Shoes,6599,50,3.8
MEN'S ADIDAS RUNNING HELKIN 3.0 SHOES,4599,50,3.0
MEN'S ADIDAS RUNNING ARIUS 1.0 SHOES,4999,50,3.5
Men's adidas Originals Skateboarding Seeley Shoes,5999,40,4.3
MEN'S ADIDAS RUNNING HELKIN 3.0 SHOES,4599,50,2.2
Men's adidas Running Grito Shoes,4799,50,3.5
